date,avg_top_2,avg_bottom_2,daily_spread,spread_30d_ma
2024-01-01,56.125,-0.04,56.165,
2024-01-02,82.19,3.675,78.515,
2024-01-03,82.625,-1.345,83.97,
2024-01-04,138.94,30.240000000000002,108.69999999999999,
2024-01-05,107.91499999999999,73.63,34.285,
2024-01-06,103.94999999999999,73.01,30.939999999999984,
2024-01-07,104.19999999999999,71.97,32.22999999999999,
2024-01-08,129.57,78.795,50.77499999999999,
2024-01-09,137.82,84.57,53.25,
2024-01-10,142.535,86.195,56.34,
2024-01-11,145.54500000000002,82.16499999999999,63.380000000000024,
2024-01-12,137.85000000000002,84.485,53.36500000000002,
2024-01-13,85.13,63.415,21.714999999999996,
2024-01-14,94.41499999999999,62.519999999999996,31.894999999999996,
2024-01-15,111.59,62.04,49.550000000000004,
2024-01-16,141.35500000000002,74.28999999999999,67.06500000000003,
2024-01-17,134.54000000000002,69.60499999999999,64.93500000000003,
2024-01-18,124.03,72.095,51.935,
2024-01-19,103.66499999999999,63.04,40.62499999999999,
2024-01-20,97.4,61.785,35.61500000000001,
2024-01-21,60.045,37.175,22.870000000000005,
2024-01-22,74.66999999999999,5.05,69.61999999999999,
2024-01-23,83.05000000000001,3.61,79.44000000000001,
2024-01-24,53.765,-4.625,58.39,
2024-01-25,119.46000000000001,44.13,75.33000000000001,
2024-01-26,73.855,47.875,25.980000000000004,
2024-01-27,94.66,54.455,40.205,
2024-01-28,74.885,40.835,34.050000000000004,
2024-01-29,122.36,47.614999999999995,74.745,
2024-01-30,97.58000000000001,67.31,30.27000000000001,52.538333333333334
2024-01-31,114.05000000000001,43.394999999999996,70.65500000000002,53.02133333333334
2024-02-01,96.28,41.64,54.64,52.225500000000004
2024-02-02,87.61,30.394999999999996,57.215,51.333666666666666
2024-02-03,67.275,7.63,59.645,49.6985
2024-02-04,42.459999999999994,0.0,42.459999999999994,49.971000000000004
2024-02-05,68.625,-0.1,68.725,51.2305
2024-02-06,65.565,2.505,63.059999999999995,52.25816666666667
2024-02-07,128.135,34.835,93.29999999999998,53.67566666666667
2024-02-08,123.35,63.205,60.144999999999996,53.9055
2024-02-09,95.45,50.785,44.665000000000006,53.51633333333334
2024-02-10,88.285,59.47,28.814999999999998,52.36416666666667
2024-02-11,80.22999999999999,44.945,35.28499999999999,51.7615
2024-02-12,100.25,59.3,40.95,52.40266666666666
2024-02-13,97.445,60.16,37.285,52.58233333333333
2024-02-14,86.025,54.925,31.10000000000001,51.967333333333336
2024-02-15,86.955,55.334999999999994,31.620000000000005,50.785833333333336
2024-02-16,77.1,49.365,27.734999999999992,49.545833333333334
2024-02-17,100.17,54.64,45.53,49.33233333333333
2024-02-18,72.83,39.99,32.839999999999996,49.07283333333334
2024-02-19,90.745,43.474999999999994,47.27000000000001,49.461333333333336
2024-02-20,89.64500000000001,51.035,38.610000000000014,49.986
2024-02-21,83.225,32.845,50.379999999999995,49.34466666666667
2024-02-22,79.22,5.57,73.65,49.151666666666664
2024-02-23,85.225,0.055,85.16999999999999,50.044333333333334
2024-02-24,77.065,34.91,42.155,48.9385
2024-02-25,87.94,47.935,40.004999999999995,49.406
2024-02-26,83.46,52.55,30.909999999999997,49.09616666666667
2024-02-27,108.485,57.11,51.375,49.67366666666667
2024-02-28,101.69,55.114999999999995,46.575,48.73466666666666
2024-02-29,83.77000000000001,47.09,36.68000000000001,48.94833333333334
2024-03-01,91.565,57.985,33.58,47.7125
2024-03-02,91.75,54.69,37.06,47.12649999999999
2024-03-03,85.66,44.675,40.985,46.5855
2024-03-04,104.075,61.53,42.545,46.0155
2024-03-05,108.685,60.21,48.475,46.216
2024-03-06,119.41499999999999,69.32,50.095,45.595000000000006
2024-03-07,104.455,60.974999999999994,43.480000000000004,44.94233333333333
2024-03-08,91.975,13.015,78.96,44.46433333333333
2024-03-09,76.505,-3.085,79.58999999999999,45.1125
2024-03-10,64.335,-9.11,73.445,46.07183333333333
2024-03-11,104.355,49.305,55.050000000000004,46.94633333333333
2024-03-12,129.745,64.565,65.18,47.94283333333333
2024-03-13,96.08,61.58,34.5,47.727833333333336
2024-03-14,102.905,48.775,54.13,48.28933333333334
2024-03-15,87.455,37.605000000000004,49.849999999999994,48.91433333333334
2024-03-16,84.5,16.005,68.495,50.143499999999996
2024-03-17,91.30000000000001,40.980000000000004,50.32000000000001,50.89633333333334
2024-03-18,136.12,57.725,78.39500000000001,51.99183333333334
2024-03-19,130.19,55.595,74.595,53.38366666666666
2024-03-20,163.79500000000002,62.69,101.10500000000002,55.17816666666667
2024-03-21,124.99,58.150000000000006,66.83999999999999,56.119166666666665
2024-03-22,120.15,49.724999999999994,70.42500000000001,56.78733333333333
2024-03-23,71.28,-7.08,78.36,56.94433333333333
2024-03-24,74.95,0.0,74.95,56.60366666666667
2024-03-25,162.225,62.07,100.155,58.537000000000006
2024-03-26,100.525,19.42,81.105,59.907000000000004
2024-03-27,122.435,57.11,65.325,61.05416666666667
2024-03-28,82.63,0.045,82.585,62.094500000000004
2024-03-29,103.71000000000001,10.05,93.66000000000001,63.664
2024-03-30,85.82,10.805,75.01499999999999,64.94183333333334
2024-03-31,103.305,2.045,101.26,67.19783333333334
2024-04-01,62.69,-0.01,62.699999999999996,68.0525
2024-04-02,95.13499999999999,-1.03,96.16499999999999,69.89183333333334
2024-04-03,120.61500000000001,53.265,67.35000000000001,70.71866666666666
2024-04-04,85.62,50.870000000000005,34.75,70.26116666666667
2024-04-05,82.62,-0.05,82.67,71.34700000000001
2024-04-06,71.32,-58.755,130.075,74.2335
2024-04-07,107.39500000000001,-23.424999999999997,130.82,75.96216666666668
2024-04-08,143.54000000000002,58.945,84.59500000000003,76.12899999999999
2024-04-09,88.795,8.02,80.775,76.37333333333332
2024-04-10,191.17000000000002,7.59,183.58,80.65766666666667
2024-04-11,136.09,0.715,135.375,82.99749999999999
2024-04-12,125.03999999999999,-0.035,125.07499999999999,86.01666666666667
2024-04-13,69.61,-52.504999999999995,122.115,88.28283333333334
2024-04-14,116.25999999999999,-60.06,176.32,92.49849999999999
2024-04-15,161.195,1.03,160.165,95.55416666666666
2024-04-16,119.255,0.435,118.82,97.8375
2024-04-17,169.935,77.37,92.565,98.30983333333333
2024-04-18,143.495,65.765,77.73,98.41433333333333
2024-04-19,72.52000000000001,44.75,27.77000000000001,95.96983333333333
2024-04-20,93.67500000000001,11.440000000000001,82.23500000000001,96.48299999999999
2024-04-21,93.16499999999999,-0.31,93.475,97.25133333333333
2024-04-22,167.505,73.92,93.585,97.75883333333333
2024-04-23,158.76999999999998,77.36,81.40999999999998,97.97416666666666
2024-04-24,139.32,75.695,63.625,96.75649999999999
2024-04-25,146.69,67.53999999999999,79.15,96.69133333333333
2024-04-26,136.74,67.055,69.685,96.83666666666666
2024-04-27,116.08500000000001,-0.03,116.11500000000001,97.95433333333334
2024-04-28,78.005,-62.575,140.57999999999998,99.51833333333335
2024-04-29,192.305,34.6,157.705,102.27466666666666
2024-04-30,127.21000000000001,10.65,116.56,102.78466666666667
2024-05-01,50.355000000000004,-120.035,170.39,106.37433333333334
2024-05-02,86.55,-2.96,89.50999999999999,106.15249999999999
2024-05-03,113.945,58.225,55.71999999999999,105.76483333333333
2024-05-04,128.66,13.934999999999999,114.725,108.43066666666667
2024-05-05,109.725,-0.535,110.25999999999999,109.35033333333332
2024-05-06,140.32,74.8,65.52,107.1985
2024-05-07,142.45,67.98,74.46999999999998,105.32016666666667
2024-05-08,130.98,66.765,64.21499999999999,104.64083333333333
2024-05-09,128.23,-1.69,129.92,106.279
2024-05-10,153.515,0.02,153.49499999999998,105.27616666666667
2024-05-11,112.99000000000001,-23.11,136.10000000000002,105.30033333333334
2024-05-12,71.84,-134.14999999999998,205.98999999999998,107.99749999999999
2024-05-13,142.59,-2.575,145.165,108.76583333333333
2024-05-14,88.685,-41.305,129.99,107.2215
2024-05-15,105.72,-10.565,116.285,105.75883333333333
2024-05-16,102.985,-0.435,103.42,105.2455
2024-05-17,103.94,29.92,74.02,104.62733333333334
2024-05-18,127.22,-2.355,129.575,106.35549999999999
2024-05-19,118.25999999999999,-12.565000000000001,130.825,109.79066666666668
2024-05-20,128.115,-0.2,128.315,111.32666666666665
2024-05-21,124.98,29.905,95.075,111.38000000000001
2024-05-22,150.95,55.129999999999995,95.82,111.4545
2024-05-23,168.17000000000002,48.905,119.26500000000001,112.71633333333334
2024-05-24,127.495,86.005,41.49000000000001,111.9785
2024-05-25,134.435,0.01,134.425,113.821
2024-05-26,119.91999999999999,-17.27,137.19,116.07116666666667
2024-05-27,204.07,73.695,130.375,116.5465
2024-05-28,137.18,55.260000000000005,81.92,114.59116666666667
2024-05-29,141.88,47.87,94.00999999999999,112.468
2024-05-30,149.08999999999997,62.97,86.11999999999998,111.45333333333333
2024-05-31,112.055,66.12,45.935,107.30483333333332
2024-06-01,85.17,4.359999999999999,80.81,107.01483333333334
2024-06-02,107.97,-17.755,125.725,109.34833333333334
2024-06-03,207.035,69.66,137.375,110.10333333333332
2024-06-04,206.59,43.894999999999996,162.695,111.85116666666666
2024-06-05,156.96,28.18,128.78,113.95983333333334
2024-06-06,165.85,21.865000000000002,143.98499999999999,116.277
2024-06-07,154.3,15.245000000000001,139.055,118.77166666666668
2024-06-08,99.66,-26.865000000000002,126.525,118.6585
2024-06-09,113.55,-34.915,148.465,118.49083333333334
2024-06-10,165.695,58.515,107.17999999999999,117.52683333333333
2024-06-11,125.005,0.015,124.99,114.82683333333333
2024-06-12,154.5,40.2,114.3,113.798
2024-06-13,176.095,45.155,130.94,113.82966666666667
2024-06-14,131.655,40.870000000000005,90.785,112.97966666666666
2024-06-15,82.1,-72.735,154.83499999999998,114.6935
2024-06-16,122.31,-32.84,155.15,117.39783333333334
2024-06-17,205.08499999999998,40.655,164.42999999999998,118.55966666666667
2024-06-18,165.03,51.095,113.935,117.99666666666667
2024-06-19,130.245,22.985,107.26,117.29483333333334
2024-06-20,177.85500000000002,54.635000000000005,123.22000000000001,118.23299999999999
2024-06-21,122.32,74.235,48.084999999999994,116.64183333333334
2024-06-22,123.43,-0.04,123.47000000000001,116.782
2024-06-23,115.28999999999999,-2.13,117.41999999999999,119.313
2024-06-24,182.66,30.445,152.215,119.90599999999999
2024-06-25,132.79500000000002,-0.045,132.84,119.761
2024-06-26,132.195,77.59,54.60499999999999,117.23533333333333
2024-06-27,193.11,44.935,148.175,119.44383333333332
2024-06-28,132.315,-9.93,142.245,121.05166666666668
2024-06-29,133.065,-0.155,133.22,122.62166666666667
2024-06-30,102.275,-1.3,103.575,124.54299999999999
2024-07-01,154.575,36.120000000000005,118.45499999999998,125.79783333333333
2024-07-02,112.47999999999999,61.83,50.64999999999999,123.29533333333332
2024-07-03,141.34,57.56,83.78,121.50883333333333
2024-07-04,101.10499999999999,-18.560000000000002,119.66499999999999,120.0745
2024-07-05,136.37,-0.71,137.08,120.35116666666666
2024-07-06,54.99,-46.085,101.075,118.92083333333333
2024-07-07,129.405,-21.675,151.08,119.32166666666667
2024-07-08,215.52,29.505,186.01500000000001,121.30466666666666
2024-07-09,149.57,3.875,145.695,121.21233333333335
2024-07-10,156.34500000000003,45.855000000000004,110.49000000000002,121.32266666666666
2024-07-11,175.53500000000003,46.09,129.44500000000002,121.47116666666668
2024-07-12,109.75999999999999,50.585,59.17499999999999,119.63366666666666
2024-07-13,83.89500000000001,-13.185,97.08000000000001,118.50500000000001
2024-07-14,112.24000000000001,-73.96,186.2,121.6855
2024-07-15,214.575,-0.04,214.61499999999998,123.67816666666666
2024-07-16,117.94,-11.31,129.25,122.81483333333333
2024-07-17,165.70999999999998,12.135000000000002,153.575,122.453
2024-07-18,206.03,34.485,171.54500000000002,124.37333333333335
2024-07-19,155.74,36.35,119.39000000000001,124.77766666666666
2024-07-20,122.155,-4.470000000000001,126.625,124.89116666666668
2024-07-21,127.9,-0.145,128.04500000000002,127.5565
2024-07-22,179.14,19.895,159.24499999999998,128.749
2024-07-23,119.515,37.15,82.36500000000001,127.58050000000001
2024-07-24,125.36,-2.01,127.37,126.75233333333334
2024-07-25,143.66500000000002,15.315,128.35000000000002,126.60266666666666
2024-07-26,141.125,61.655,79.47,127.43149999999999
2024-07-27,122.46,17.86,104.6,125.97900000000001
2024-07-28,113.755,-44.3,158.055,126.506
2024-07-29,156.535,-1.3399999999999999,157.875,127.32783333333333
2024-07-30,162.39999999999998,-0.05,162.45,129.29033333333334
2024-07-31,126.17,14.445,111.725,129.066
2024-08-01,136.23,61.385000000000005,74.84499999999998,129.8725
2024-08-02,137.34,52.01,85.33000000000001,129.92416666666665
2024-08-03,130.64,5.255,125.38499999999999,130.11483333333334
2024-08-04,122.455,-1.1,123.55499999999999,129.66400000000002
2024-08-05,210.47,39.2,171.26999999999998,132.00383333333332
2024-08-06,202.715,3.87,198.845,133.596
2024-08-07,141.765,38.595,103.16999999999999,130.8345
2024-08-08,167.9,36.21,131.69,130.36766666666665
2024-08-09,121.50999999999999,-0.48000000000000004,121.99,130.751
2024-08-10,129.215,-40.43000000000001,169.645,132.091
2024-08-11,132.99,-55.025000000000006,188.01500000000001,136.38566666666668
2024-08-12,215.43,8.52,206.91,140.04666666666665
2024-08-13,204.035,41.69,162.345,139.2515
2024-08-14,190.165,73.78,116.38499999999999,135.97716666666668
2024-08-15,151.405,-0.015,151.42,136.71616666666668
2024-08-16,236.82,48.75,188.07,137.86599999999999
2024-08-17,144.87,39.495000000000005,105.375,135.66033333333334
2024-08-18,113.54,25.68,87.86000000000001,134.60933333333332
2024-08-19,201.91500000000002,79.385,122.53000000000002,134.47283333333334
2024-08-20,156.76,19.29,137.47,134.78699999999998
2024-08-21,135.655,-20.8,156.455,134.69400000000002
2024-08-22,121.255,-3.455,124.71,136.1055
2024-08-23,121.345,-15.935,137.28,136.43583333333333
2024-08-24,103.815,-42.135000000000005,145.95,137.0225
2024-08-25,114.725,-19.92,134.64499999999998,138.86166666666665
2024-08-26,210.685,20.310000000000002,190.375,141.72083333333333
2024-08-27,225.08499999999998,1.755,223.32999999999998,143.89666666666665
2024-08-28,202.97,9.285,193.685,145.09033333333335
2024-08-29,258.38,48.285,210.095,146.6785
2024-08-30,153.585,79.64,73.94500000000001,145.41916666666665
2024-08-31,137.535,-0.6950000000000001,138.23,147.53199999999998
2024-09-01,127.755,-21.97,149.725,149.67849999999999
2024-09-02,233.73000000000002,82.41,151.32000000000002,150.543
2024-09-03,588.345,83.41,504.93500000000006,163.25566666666666
2024-09-04,254.64999999999998,89.845,164.80499999999998,163.04016666666666
2024-09-05,116.32,-15.69,132.01,160.81233333333333
2024-09-06,132.745,13.504999999999999,119.24000000000001,161.348
2024-09-07,141.7,0.73,140.97,161.6573333333333
2024-09-08,126.135,0.025,126.11,161.79466666666667
2024-09-09,150.095,63.565,86.53,159.02416666666667
2024-09-10,122.42,-0.115,122.535,156.8415
2024-09-11,140.61,33.36,107.25000000000001,153.5195
2024-09-12,275.015,78.42500000000001,196.58999999999997,154.661
2024-09-13,126.1,52.81,73.28999999999999,153.22449999999998
2024-09-14,122.215,-0.265,122.48,152.25983333333332
2024-09-15,128.38,-0.33999999999999997,128.72,150.2815
2024-09-16,138.03,75.83500000000001,62.19499999999999,148.84216666666666
2024-09-17,135.73000000000002,33.705,102.02500000000002,149.31433333333334
2024-09-18,137.495,-0.045,137.54,149.81466666666665
2024-09-19,138.77,-0.075,138.845,149.86050000000003
2024-09-20,143.58499999999998,0.030000000000000002,143.55499999999998,149.4305
2024-09-21,134.745,-3.6550000000000002,138.4,149.88683333333336
2024-09-22,144.70499999999998,-0.035,144.73999999999998,150.13549999999998
2024-09-23,284.325,76.66,207.665,152.19266666666667
2024-09-24,134.68,46.83,87.85000000000001,150.63283333333337
2024-09-25,175.81,18.94,156.87,149.51600000000002
2024-09-26,87.1,-0.009999999999999998,87.11,144.97533333333334
2024-09-27,61.51,-5.9399999999999995,67.45,140.76749999999998
2024-09-28,98.195,0.0,98.195,137.0375
2024-09-29,159.95499999999998,-0.475,160.42999999999998,139.92033333333333
2024-09-30,91.985,1.065,90.92,138.34333333333333
2024-10-01,135.20499999999998,0.035,135.17,137.85816666666668
2024-10-02,132.885,66.595,66.28999999999999,135.02383333333333
2024-10-03,112.695,36.56,76.13499999999999,120.73049999999999
2024-10-04,145.22,72.05,73.17,117.676
2024-10-05,145.965,41.185,104.78,116.76833333333333
2024-10-06,101.75999999999999,-0.01,101.77,116.18599999999999
2024-10-07,233.59,31.7,201.89000000000001,118.21666666666665
2024-10-08,162.485,59.68,102.805,117.43983333333334
2024-10-09,124.825,50.605000000000004,74.22,117.0295
2024-10-10,110.255,17.975,92.28,116.021
2024-10-11,171.05,58.365,112.685,116.20216666666667
2024-10-12,79.24000000000001,-0.005,79.245,112.29066666666667
2024-10-13,47.09,-15.425,62.515,111.93149999999999
2024-10-14,263.42,34.765,228.65500000000003,115.47066666666666
2024-10-15,181.0,18.075000000000003,162.925,116.61083333333335
2024-10-16,86.425,2.6,83.825,117.33183333333334
2024-10-17,179.2,7.8100000000000005,171.39,119.64399999999999
2024-10-18,168.76,79.52000000000001,89.23999999999998,118.034
2024-10-19,127.375,55.235,72.14,115.8105
2024-10-20,71.8,-1.4949999999999999,73.295,113.46849999999999
2024-10-21,206.49,-0.11000000000000001,206.60000000000002,115.74183333333333
2024-10-22,163.935,72.205,91.73,113.97483333333334
2024-10-23,200.655,79.97999999999999,120.67500000000001,111.07516666666668
2024-10-24,159.78,79.72,80.06,110.8155
2024-10-25,206.08499999999998,78.935,127.14999999999998,109.82483333333334
2024-10-26,138.45,63.925,74.52499999999999,109.40533333333333
2024-10-27,147.005,39.995000000000005,107.00999999999999,110.724
2024-10-28,147.46,85.17500000000001,62.285,109.527
2024-10-29,271.62,98.5,173.12,109.95
2024-10-30,193.385,98.10499999999999,95.28,110.09533333333334
2024-10-31,134.5,63.95,70.55,107.94133333333335
2024-11-01,118.92,30.765,88.155,108.67016666666667
2024-11-02,154.24,86.425,67.81500000000001,108.39283333333333
2024-11-03,127.0,56.705,70.295,108.297
2024-11-04,265.625,89.91,175.715,110.6615
2024-11-05,487.025,92.1,394.92499999999995,120.43333333333334
2024-11-06,812.595,96.255,716.34,137.58166666666668
2024-11-07,352.52,99.655,252.86499999999998,142.5836666666667
2024-11-08,132.905,97.57,35.33500000000001,141.2875
2024-11-09,147.365,97.34,50.025000000000006,139.879
2024-11-10,147.365,100.59,46.775000000000006,137.682
2024-11-11,150.135,97.68,52.454999999999984,136.78900000000002
2024-11-12,295.31,103.34,191.97,141.10416666666666
2024-11-13,226.44,104.16,122.28,137.55833333333334
2024-11-14,155.0,91.82499999999999,63.17500000000001,134.23333333333332
2024-11-15,154.315,100.00999999999999,54.30500000000001,133.24933333333334
2024-11-16,116.94,69.245,47.69499999999999,129.12616666666668
2024-11-17,91.77000000000001,38.405,53.36500000000001,127.93033333333332
2024-11-18,160.86,50.28,110.58000000000001,129.21166666666667
2024-11-19,156.915,90.785,66.13,128.97283333333334
2024-11-20,142.72500000000002,81.74,60.98500000000003,124.119
2024-11-21,178.615,84.19,94.42500000000001,124.20883333333335
2024-11-22,142.83,78.5,64.33000000000001,122.33066666666667
2024-11-23,101.015,9.735000000000001,91.28,122.70466666666667
2024-11-24,15.85,-0.65,16.5,119.01633333333332
2024-11-25,123.0,-1.725,124.725,120.68966666666668
2024-11-26,158.215,71.63499999999999,86.58000000000001,120.00866666666667
2024-11-27,174.64499999999998,48.995000000000005,125.64999999999998,122.12083333333334
2024-11-28,156.07,31.884999999999998,124.185,120.48966666666668
2024-11-29,175.315,100.815,74.5,119.79700000000001
2024-11-30,136.42000000000002,85.66,50.76000000000002,119.13733333333333
2024-12-01,121.52000000000001,78.57499999999999,42.94500000000002,117.63033333333334
2024-12-02,147.79000000000002,48.325,99.46500000000002,118.68533333333335
2024-12-03,207.59,94.75,112.84,120.1035
2024-12-04,282.21000000000004,111.225,170.98500000000004,119.94583333333334
2024-12-05,142.415,26.89,115.52499999999999,110.63250000000001
2024-12-06,147.03,2.6500000000000004,144.38,91.56716666666668
2024-12-07,96.225,41.370000000000005,54.85499999999999,84.96683333333335
2024-12-08,119.87,73.185,46.685,85.34516666666669
2024-12-09,129.255,34.765,94.49,86.82733333333334
2024-12-10,201.28,85.1,116.18,89.14083333333335
2024-12-11,441.475,106.74000000000001,334.735,98.55016666666667
2024-12-12,877.63,108.655,768.975,117.78366666666668
2024-12-13,272.105,115.295,156.81,118.93466666666669
2024-12-14,123.05000000000001,73.695,49.35500000000002,118.474
2024-12-15,69.565,1.19,68.375,118.94300000000001
2024-12-16,83.46000000000001,0.02,83.44000000000001,120.13450000000002
2024-12-17,124.465,21.255000000000003,103.21000000000001,121.796
2024-12-18,75.19999999999999,16.36,58.83999999999999,120.07133333333334
2024-12-19,89.97,0.78,89.19,120.84
2024-12-20,109.805,16.869999999999997,92.935,121.905
2024-12-21,31.33,0.5,30.83,119.78516666666665
2024-12-22,63.129999999999995,-1.55,64.67999999999999,119.79683333333334
2024-12-23,107.055,9.45,97.605,120.00766666666668
2024-12-24,120.58,78.39,42.19,120.864
2024-12-25,119.82,78.4,41.41999999999999,118.08716666666666
2024-12-26,137.97500000000002,90.255,47.72000000000003,116.79183333333334
2024-12-27,155.10000000000002,99.66,55.440000000000026,114.45150000000002
2024-12-28,149.755,104.255,45.5,111.82866666666668
2024-12-29,124.055,71.68,52.375,111.09116666666667
2024-12-30,104.985,43.075,61.91,111.46283333333334
2024-12-31,83.565,1.34,82.225,112.77216666666666
2025-01-01,8.530000000000001,-0.555,9.085,109.75949999999999
2025-01-02,152.905,2.505,150.4,111.01150000000001
2025-01-03,115.86,70.21000000000001,45.64999999999999,106.83366666666667
2025-01-04,147.54500000000002,90.245,57.30000000000001,104.89283333333333
2025-01-05,97.1,27.83,69.27,102.38916666666665
2025-01-06,38.864999999999995,9.6,29.264999999999993,101.53616666666667
2025-01-07,98.57,5.07,93.5,103.09666666666666
2025-01-08,152.345,60.175,92.17,103.01933333333334
2025-01-09,160.515,86.49000000000001,74.02499999999998,101.61416666666666
2025-01-10,143.34,69.47,73.87,92.91866666666667
2025-01-11,121.07,85.85499999999999,35.215,68.46000000000001
2025-01-12,145.16,83.77000000000001,61.389999999999986,65.27933333333334
2025-01-13,202.505,100.185,102.32,67.04483333333333
2025-01-14,177.05,98.535,78.51500000000001,67.38283333333334
2025-01-15,355.755,107.88,247.875,72.864
2025-01-16,195.60500000000002,115.39,80.21500000000002,72.09750000000001
2025-01-17,194.02499999999998,115.1,78.92499999999998,72.767
2025-01-18,167.70999999999998,115.735,51.97499999999998,71.52649999999998
2025-01-19,157.82,109.88,47.94,70.02666666666666
2025-01-20,528.3399999999999,114.93,413.4099999999999,82.77933333333333
2025-01-21,276.53999999999996,113.7,162.83999999999997,86.05133333333333
2025-01-22,223.79500000000002,114.19,109.60500000000002,86.45133333333334
2025-01-23,157.225,63.629999999999995,93.595,88.16483333333332
2025-01-24,112.695,42.825,69.86999999999999,89.11316666666667
2025-01-25,149.265,64.255,85.00999999999999,90.35616666666667
2025-01-26,129.345,32.015,97.33,91.7525
2025-01-27,118.61500000000001,12.085,106.53,93.78683333333333
2025-01-28,148.55,60.88,87.67000000000002,94.96333333333334
2025-01-29,149.82999999999998,76.9,72.92999999999998,95.33066666666666
2025-01-30,178.47000000000003,92.43,86.04000000000002,95.45783333333333
2025-01-31,184.87,113.505,71.36500000000001,97.53383333333333
2025-02-01,167.89,106.845,61.04499999999999,94.55533333333332
2025-02-02,173.22,114.15,59.06999999999999,95.00266666666667
2025-02-03,229.615,116.28,113.33500000000001,96.87049999999999
2025-02-04,202.115,113.255,88.86000000000001,97.5235
2025-02-05,189.765,108.79,80.97499999999998,99.24716666666667
2025-02-06,199.755,123.475,76.28,98.67316666666666
2025-02-07,157.28500000000003,90.03,67.25500000000002,97.84266666666666
2025-02-08,160.79500000000002,68.22999999999999,92.56500000000003,98.46066666666665
2025-02-09,159.03,97.12,61.91,98.06199999999998
2025-02-10,172.27,82.41499999999999,89.85500000000002,99.88333333333331
2025-02-11,167.82,71.36,96.46,101.05233333333332
2025-02-12,194.85,126.705,68.145,99.91316666666665
2025-02-13,221.205,137.17000000000002,84.035,100.09716666666667
2025-02-14,295.985,128.075,167.91000000000003,97.43166666666666
2025-02-15,169.73,111.2,58.52999999999999,96.70883333333333
2025-02-16,165.135,119.16999999999999,45.965,95.61016666666666
2025-02-17,246.95999999999998,108.125,138.83499999999998,98.5055
2025-02-18,192.07,92.47,99.6,100.22749999999999
2025-02-19,157.935,82.13,75.805,88.974
2025-02-20,125.215,78.845,46.370000000000005,85.09166666666667
2025-02-21,148.85500000000002,57.66,91.19500000000002,84.47800000000001
2025-02-22,111.78,40.8,70.98,83.72416666666668
2025-02-23,152.57,65.37,87.19999999999999,84.30183333333333
2025-02-24,143.26,39.04,104.22,84.94216666666668
2025-02-25,220.51,91.65,128.85999999999999,85.99316666666667
2025-02-26,173.88,106.97,66.91,84.6725
2025-02-27,168.94,100.015,68.925,84.04766666666666
2025-02-28,161.53,107.75,53.78,83.40933333333334
2025-03-01,154.66500000000002,98.33,56.33500000000002,82.41916666666667
2025-03-02,144.595,2.985,141.60999999999999,84.76066666666665
2025-03-03,179.94,0.17,179.77,88.71816666666668
2025-03-04,175.265,17.435000000000002,157.82999999999998,92.01016666666668
2025-03-05,146.06,-3.99,150.05,93.234
2025-03-06,158.34,0.05,158.29,95.54833333333333
2025-03-07,197.66,10.434999999999999,187.225,99.08999999999999
2025-03-08,159.815,-0.22000000000000003,160.035,101.88183333333335
2025-03-09,136.035,-2.15,138.185,104.24616666666667
2025-03-10,167.57999999999998,76.66999999999999,90.91,104.191
2025-03-11,192.985,96.96000000000001,96.025,105.32816666666668
2025-03-12,189.62,97.58500000000001,92.035,105.40083333333334
2025-03-13,169.76,97.53,72.22999999999999,104.59316666666668
2025-03-14,155.22000000000003,104.16499999999999,51.055000000000035,104.02350000000001
2025-03-15,131.63,51.254999999999995,80.375,103.9015
2025-03-16,135.42000000000002,0.6,134.82000000000002,102.7985
2025-03-17,173.66500000000002,29.560000000000002,144.10500000000002,105.651
2025-03-18,169.185,-0.88,170.065,109.78766666666667
2025-03-19,234.24,-0.405,234.645,112.98133333333334
2025-03-20,266.96,0.54,266.41999999999996,118.542
2025-03-21,152.135,0.405,151.73,121.07283333333334
2025-03-22,55.49,-15.11,70.6,121.8805
2025-03-23,141.54500000000002,7.305,134.24,123.31533333333333
2025-03-24,202.495,99.845,102.65,124.371
2025-03-25,163.75,68.84,94.91,124.628
2025-03-26,165.76999999999998,87.64500000000001,78.12499999999997,123.75816666666667
2025-03-27,164.3,15.739999999999998,148.56,124.41483333333333
2025-03-28,165.945,-0.02,165.965,127.71666666666667
2025-03-29,149.565,3.0,146.565,130.30466666666666
2025-03-30,64.41,-25.915,90.32499999999999,131.52283333333332
2025-03-31,179.095,65.815,113.28,133.421
2025-04-01,169.66500000000002,11.23,158.43500000000003,133.98183333333333
2025-04-02,137.82999999999998,-20.54,158.36999999999998,133.26850000000002
2025-04-03,163.125,-7.125,170.25,133.6825
2025-04-04,173.90499999999997,-1.26,175.16499999999996,134.51966666666667
2025-04-05,104.44,-48.415,152.855,134.3385
2025-04-06,132.23000000000002,-110.44,242.67000000000002,136.18666666666667
2025-04-07,172.20999999999998,3.065,169.14499999999998,136.49033333333333
2025-04-08,180.47500000000002,18.2,162.27500000000003,137.29333333333335
2025-04-09,164.12,9.995,154.125,139.40050000000002
2025-04-10,155.505,0.63,154.875,141.36216666666667
2025-04-11,144.2,-4.3,148.5,143.24433333333334
2025-04-12,135.475,-41.025,176.5,146.71999999999997
2025-04-13,119.33000000000001,-22.11,141.44,149.73283333333336
2025-04-14,166.015,61.995000000000005,104.01999999999998,150.52100000000002
2025-04-15,137.56,0.04,137.52,150.611
2025-04-16,141.5,23.67,117.83,149.7351666666667
2025-04-17,129.5,77.7,51.8,145.793
2025-04-18,124.82,63.195,61.62499999999999,140.0256666666667
2025-04-19,135.035,-5.135,140.17,135.81733333333332
2025-04-20,141.255,-46.235,187.49,137.00933333333333
2025-04-21,135.62,8.67,126.95,138.88766666666666
2025-04-22,227.76,69.565,158.195,139.68616666666668
2025-04-23,153.985,80.665,73.32000000000001,138.70850000000002
2025-04-24,120.06,78.38,41.68000000000001,136.93416666666664
2025-04-25,119.88499999999999,44.510000000000005,75.37499999999999,136.8425
2025-04-26,103.605,-12.809999999999999,116.415,135.771
2025-04-27,117.53,-123.21000000000001,240.74,138.26350000000002
2025-04-28,172.35500000000002,-6.04,178.395,139.32450000000003
2025-04-29,157.29000000000002,-1.785,159.07500000000002,141.61616666666666
2025-04-30,153.4,-4.605,158.005,143.107
2025-05-01,147.125,-124.05000000000001,271.175,146.86499999999998
2025-05-02,135.82,-3.5,139.32,146.23
2025-05-03,92.53,-2.865,95.395,143.73483333333334
2025-05-04,110.69,-3.505,114.195,141.7025
2025-05-05,128.45999999999998,51.745,76.71499999999997,139.1645
2025-05-06,148.89,40.49,108.39999999999998,134.68883333333335
2025-05-07,145.55,64.17500000000001,81.375,131.76316666666668
2025-05-08,164.13,64.0,100.13,129.69166666666666
2025-05-09,145.065,-0.39,145.45499999999998,129.40266666666668
2025-05-10,146.345,-112.52000000000001,258.865,132.869
2025-05-11,120.985,-240.64999999999998,361.635,139.9735
2025-05-12,157.055,-32.45,189.505,140.407
2025-05-13,187.325,-11.275,198.6,142.31233333333333
2025-05-14,145.51999999999998,-30.865000000000002,176.385,144.72449999999998
2025-05-15,127.935,-14.504999999999999,142.44,144.8885
2025-05-16,149.07,-2.56,151.63,146.01516666666666
2025-05-17,130.055,-10.645,140.70000000000002,148.9785
2025-05-18,127.82,-11.985,139.805,151.5845
2025-05-19,191.985,6.5,185.485,153.095
2025-05-20,170.61,0.049999999999999996,170.56,152.53066666666666
2025-05-21,115.445,-1.8650000000000002,117.30999999999999,152.20933333333335
2025-05-22,122.36500000000001,-14.085,136.45000000000002,151.4845
2025-05-23,136.04500000000002,0.0,136.04500000000002,153.57533333333333
2025-05-24,110.03999999999999,-1.08,111.11999999999999,155.89
2025-05-25,104.82,-5.0,109.82,157.03816666666665
2025-05-26,165.72,-1.315,167.035,158.72549999999998
2025-05-27,130.12,0.025,130.095,155.03733333333332
2025-05-28,137.37,47.655,89.715,152.08133333333333
2025-05-29,91.805,-1.9849999999999999,93.79,149.90516666666664
2025-05-30,141.42,-3.05,144.47,149.454
2025-05-31,192.36,-10.46,202.82000000000002,147.1755
2025-06-01,106.39500000000001,-18.009999999999998,124.405,146.6783333333333
2025-06-02,220.64,11.89,208.75,150.45683333333332
2025-06-03,131.82999999999998,-3.66,135.48999999999998,151.16666666666663
2025-06-04,169.415,13.975000000000001,155.44,153.79083333333335
2025-06-05,132.715,9.05,123.665,154.29966666666667
2025-06-06,127.505,-5.01,132.515,156.00433333333334
2025-06-07,110.08000000000001,-0.445,110.525,156.35083333333333
2025-06-08,73.3,-52.81,126.11,155.706
2025-06-09,144.91,-17.544999999999998,162.45499999999998,152.4923333333333
2025-06-10,94.61,-3.295,97.905,143.70133333333334
2025-06-11,198.5,-2.9,201.4,144.0978333333333
2025-06-12,123.425,-26.685,150.10999999999999,142.48149999999998
2025-06-13,110.045,-6.05,116.095,140.47183333333334
2025-06-14,124.41,-36.86,161.26999999999998,141.09949999999998
2025-06-15,131.53,-5.305,136.835,140.60633333333334
2025-06-16,188.05,0.0,188.05,142.18466666666666
2025-06-17,241.59,-5.555,247.145,145.76266666666663
2025-06-18,158.155,-2.235,160.39000000000001,144.92616666666666
2025-06-19,140.325,-65.195,205.51999999999998,146.0915
2025-06-20,189.95999999999998,-0.585,190.545,148.53266666666664
2025-06-21,161.02,-28.145,189.16500000000002,150.28983333333335
2025-06-22,130.325,-90.005,220.32999999999998,153.09933333333336
2025-06-23,95.00999999999999,-32.72,127.72999999999999,153.653
2025-06-24,123.195,-21.42,144.615,154.81283333333332
2025-06-25,223.51,-0.325,223.83499999999998,156.70616666666666
2025-06-26,120.405,50.055,70.35,154.71466666666666
2025-06-27,130.59,8.875,121.715,155.78133333333335
2025-06-28,121.85,-2.55,124.39999999999999,156.80166666666668
2025-06-29,115.9,-22.055,137.955,156.5845
2025-06-30,261.16,14.505,246.65500000000003,158.0456666666667
2025-07-01,441.5,43.504999999999995,397.995,167.16533333333334
2025-07-02,213.04,34.355000000000004,178.685,166.16316666666665
2025-07-03,156.815,29.314999999999998,127.5,165.89683333333332
2025-07-04,140.42000000000002,-1.465,141.88500000000002,165.44500000000002
2025-07-05,120.05,-2.1849999999999996,122.235,165.39733333333334
2025-07-06,123.625,8.055,115.57,164.8325
2025-07-07,147.98,51.59,96.38999999999999,164.36133333333333
2025-07-08,123.055,53.845,69.21000000000001,162.46466666666666
2025-07-09,136.79000000000002,42.235,94.55500000000002,160.20133333333334
2025-07-10,133.685,39.53,94.155,160.07633333333334
2025-07-11,117.78999999999999,35.07,82.72,156.12033333333332
2025-07-12,125.00999999999999,0.0,125.00999999999999,155.28366666666668
2025-07-13,127.32,0.0,127.32,155.65783333333331
2025-07-14,140.78,56.485,84.295,153.092
2025-07-15,131.635,41.385000000000005,90.24999999999999,151.53916666666666
2025-07-16,124.875,68.63,56.245000000000005,147.14566666666667
2025-07-17,128.535,52.519999999999996,76.015,141.44133333333335
2025-07-18,145.495,71.94,73.555,138.54683333333332
2025-07-19,113.67,-0.005,113.675,135.48533333333333
2025-07-20,115.505,-0.005,115.50999999999999,132.98416666666668
2025-07-21,125.235,82.515,42.72,128.10266666666666
2025-07-22,112.89,2.165,110.725,124.44916666666667
2025-07-23,116.36,25.275,91.08500000000001,123.22766666666666
2025-07-24,147.39999999999998,81.24000000000001,66.15999999999997,120.6125
2025-07-25,117.08,77.505,39.575,114.47049999999999
2025-07-26,124.50999999999999,49.980000000000004,74.52999999999999,114.60983333333334
2025-07-27,111.33,11.945,99.38499999999999,113.86550000000001
2025-07-28,120.17,71.15,49.019999999999996,111.35283333333334
2025-07-29,124.785,2.705,122.08,110.82366666666667
2025-07-30,109.035,14.195,94.84,105.76316666666666
2025-07-31,126.69,41.555,85.13499999999999,95.33449999999999
2025-08-01,118.37,49.08,69.29,91.68800000000002
2025-08-02,108.955,0.0,108.955,91.06983333333334
2025-08-03,97.58500000000001,-9.99,107.575,89.92616666666666
2025-08-04,102.08,0.34,101.74,89.243
2025-08-05,99.7,-10.875,110.575,89.0765
2025-08-06,163.62,-10.129999999999999,173.75,91.65516666666666
2025-08-07,134.72,-1.14,135.85999999999999,93.87683333333334
2025-08-08,148.065,-0.015,148.07999999999998,95.661
2025-08-09,123.465,-15.254999999999999,138.72,97.1465
2025-08-10,120.7,-56.01,176.71,100.2795
2025-08-11,172.975,0.0,172.975,101.87833333333333
2025-08-12,152.735,4.075,148.66000000000003,102.58966666666667
2025-08-13,209.97,34.775,175.195,105.61966666666666
2025-08-14,258.845,47.55500000000001,211.29000000000002,109.65433333333334
2025-08-15,119.195,0.0,119.195,111.75266666666667
2025-08-16,101.61500000000001,-0.01,101.62500000000001,112.60633333333334
2025-08-17,110.4,-1.09,111.49000000000001,113.87083333333334
2025-08-18,191.45999999999998,16.285,175.17499999999998,115.92083333333333
2025-08-19,124.565,12.115,112.45,115.81883333333333
2025-08-20,130.63,38.515,92.115,117.46533333333333
2025-08-21,116.245,61.175,55.07000000000001,115.61016666666667
2025-08-22,110.315,1.93,108.38499999999999,116.18683333333334
2025-08-23,122.05000000000001,0.065,121.98500000000001,118.04766666666666
2025-08-24,115.815,-7.425000000000001,123.24,120.83650000000002
2025-08-25,195.925,6.355,189.57000000000002,124.67116666666666
2025-08-26,188.52499999999998,32.165,156.35999999999999,126.57033333333334
2025-08-27,222.055,50.81,171.245,130.6445
2025-08-28,185.425,84.155,101.27000000000001,129.95083333333335
2025-08-29,134.535,56.8,77.735,129.38066666666666
2025-08-30,128.52499999999998,-0.195,128.71999999999997,130.83350000000002
2025-08-31,133.58499999999998,-0.8049999999999999,134.39,133.00349999999997
2025-09-01,230.60500000000002,31.650000000000002,198.955,136.0035
2025-09-02,287.65,78.74000000000001,208.90999999999997,139.38133333333332
2025-09-03,111.63,-0.19,111.82,139.71733333333333
2025-09-04,284.40999999999997,3.2800000000000002,281.13,145.4025
2025-09-05,152.64,71.18,81.45999999999998,142.32616666666667
2025-09-06,148.96499999999997,-0.925,149.89,142.79383333333334
2025-09-07,102.275,-51.695,153.97,142.99016666666665
2025-09-08,361.09000000000003,63.095,297.995,148.29933333333332
2025-09-09,343.2,85.6,257.6,150.99566666666666
2025-09-10,249.29,85.545,163.745,150.688
2025-09-11,129.095,-0.395,129.49,150.04899999999998
2025-09-12,153.8,-7.425000000000001,161.22500000000002,149.58333333333334
2025-09-13,120.33500000000001,-0.01,120.34500000000001,146.55183333333335
2025-09-14,139.65,-0.005,139.655,147.2338333333333
2025-09-15,54.120000000000005,-13.985,68.105,146.1165
2025-09-16,108.15,-19.04,127.19,146.6398333333333
2025-09-17,133.05,9.19,123.86000000000001,144.92933333333332
2025-09-18,131.45499999999998,0.0,131.45499999999998,145.56283333333334
2025-09-19,332.225,0.0,332.225,153.5665
2025-09-20,129.34,-8.48,137.82,156.32483333333332
2025-09-21,119.705,-1.665,121.37,156.7576666666667
2025-09-22,135.45999999999998,70.7,64.75999999999998,154.85016666666664
2025-09-23,167.58,74.245,93.33500000000001,153.85333333333332
2025-09-24,119.23,10.280000000000001,108.95,151.166
2025-09-25,124.625,18.065,106.56,149.506
2025-09-26,128.335,73.16499999999999,55.170000000000016,145.63683333333333
2025-09-27,140.98000000000002,42.325,98.65500000000002,145.54966666666667
2025-09-28,134.495,10.765,123.73,147.08283333333335
2025-09-29,354.715,77.895,276.82,152.0195
2025-09-30,326.155,86.65,239.50499999999997,155.52333333333334
2025-10-01,313.26,63.31999999999999,249.94,157.2228333333333
2025-10-02,204.14,59.825,144.315,155.06966666666668
2025-10-03,123.625,1.465,122.16,155.41433333333333
2025-10-04,1.87,-1.9849999999999999,3.855,146.17183333333332
2025-10-05,32.49,-4.905,37.395,144.703
2025-10-06,162.91500000000002,7.404999999999999,155.51000000000002,144.89033333333333
2025-10-07,300.76,86.93,213.82999999999998,146.88566666666668
2025-10-08,219.775,85.55,134.22500000000002,141.42666666666668
2025-10-09,169.35500000000002,78.69,90.66500000000002,135.86216666666667
2025-10-10,147.74,68.00999999999999,79.73000000000002,133.06166666666667
2025-10-11,138.115,46.715,91.4,131.792
2025-10-12,119.155,54.72,64.435,128.5656666666667
2025-10-13,335.175,83.72999999999999,251.44500000000002,132.93566666666666
2025-10-14,413.07,88.61000000000001,324.46,139.09583333333333
2025-10-15,324.09000000000003,90.445,233.64500000000004,144.61383333333333
2025-10-16,147.945,70.11,77.835,142.96866666666668
2025-10-17,159.92000000000002,83.315,76.60500000000002,141.39350000000002
2025-10-18,135.695,65.655,70.03999999999999,139.34633333333335
2025-10-19,111.56,17.88,93.68,131.39483333333334
2025-10-20,140.285,54.245000000000005,86.03999999999999,129.66883333333334
2025-10-21,118.33500000000001,18.38,99.95500000000001,128.955
2025-10-22,294.76,80.47,214.29,133.93933333333334
2025-10-23,118.125,14.97,103.155,134.26666666666668
2025-10-24,87.035,-0.015,87.05,133.53666666666666
2025-10-25,62.14,-0.01,62.15,132.05633333333333
2025-10-26,45.655,-0.67,46.325,131.7615
2025-10-27,125.52000000000001,-0.05,125.57000000000001,132.65866666666665
2025-10-28,109.67500000000001,8.96,100.715,131.8915
2025-10-29,128.53500000000003,50.155,78.38000000000002,125.27683333333334
2025-10-30,119.78999999999999,-0.02,119.80999999999999,121.287
2025-10-31,135.24,67.275,67.965,115.22116666666668
2025-11-01,88.66,14.905000000000001,73.755,112.86916666666666
2025-11-02,132.36,61.05,71.31000000000002,111.17416666666666
2025-11-03,126.46000000000001,42.875,83.58500000000001,113.83183333333334
2025-11-04,142.68,5.125,137.555,117.1705
2025-11-05,148.175,55.84,92.33500000000001,115.06466666666668
2025-11-06,157.275,79.655,77.62,110.52433333333333
2025-11-07,164.775,82.94,81.83500000000001,108.778
2025-11-08,136.935,86.97,49.965,107.42133333333335
2025-11-09,123.825,89.97,33.855000000000004,105.89216666666668
2025-11-10,176.175,85.695,90.48000000000002,105.8615
2025-11-11,142.49,71.88,70.61000000000001,106.06733333333334
2025-11-12,125.79999999999998,48.535,77.26499999999999,100.26133333333334
2025-11-13,131.82,7.105,124.71499999999999,93.60316666666667
2025-11-14,144.615,87.25,57.36500000000001,87.72716666666666
2025-11-15,121.47,60.67999999999999,60.790000000000006,87.159
2025-11-16,126.66499999999999,84.36500000000001,42.29999999999998,86.01549999999999
2025-11-17,123.965,71.55,52.415000000000006,85.42799999999998
2025-11-18,149.03,76.83,72.2,84.712
2025-11-19,143.21,81.615,61.59500000000001,83.89716666666666
2025-11-20,175.55,86.145,89.40500000000002,83.5455
2025-11-21,244.10500000000002,89.35,154.75500000000002,81.561
2025-11-22,119.97,75.435,44.535,79.607
2025-11-23,84.88,61.57,23.309999999999995,77.48233333333334
2025-11-24,251.07500000000002,69.575,181.5,81.46066666666667
2025-11-25,352.88,93.445,259.435,88.56433333333332
2025-11-26,279.73,87.185,192.54500000000002,90.79683333333334
2025-11-27,124.255,73.53999999999999,50.715,89.13016666666667
2025-11-28,110.215,49.19,61.025000000000006,88.55166666666668
2025-11-29,108.71000000000001,80.11,28.60000000000001,85.51133333333334
2025-11-30,104.725,67.055,37.66999999999999,84.50150000000001
2025-12-01,144.685,75.99000000000001,68.695,84.33283333333334
2025-12-02,173.42,49.625,123.79499999999999,86.08233333333334
2025-12-03,270.255,88.295,181.95999999999998,89.3615
2025-12-04,159.05,90.49000000000001,68.56,87.06166666666667
2025-12-05,187.685,89.23,98.455,87.26566666666666
2025-12-06,99.055,62.975,36.080000000000005,85.881
2025-12-07,111.305,39.894999999999996,71.41000000000001,85.5335
2025-12-08,107.69,6.425000000000001,101.265,87.2435
2025-12-09,131.035,57.815,73.22,88.55566666666667
2025-12-10,107.19,33.1,74.09,88.00933333333333
2025-12-11,117.38,71.12,46.25999999999999,87.19766666666668
2025-12-12,144.41500000000002,84.4,60.015000000000015,86.62266666666666
2025-12-13,119.015,78.3,40.715,83.82266666666668
2025-12-14,107.44,74.25,33.19,83.01683333333334
2025-12-15,108.435,70.34,38.095,82.26033333333334
2025-12-16,154.515,77.625,76.88999999999999,83.41333333333334
2025-12-17,133.74,80.13499999999999,53.60500000000002,83.453
2025-12-18,113.25,22.384999999999998,90.86500000000001,84.07516666666668
2025-12-19,108.07499999999999,3.545,104.52999999999999,85.50633333333333
2025-12-20,127.995,86.72,41.275000000000006,83.902
2025-12-21,109.265,75.265,34.0,79.87683333333332
2025-12-22,105.67500000000001,67.57,38.10500000000002,79.6625
2025-12-23,86.35499999999999,58.29,28.06499999999999,79.821
2025-12-24,89.58500000000001,54.97,34.61500000000001,74.92483333333332
2025-12-25,102.05000000000001,44.349999999999994,57.70000000000002,68.20033333333335
2025-12-26,120.35499999999999,77.56,42.79499999999999,63.208666666666666
2025-12-27,112.225,70.03,42.19499999999999,62.92466666666667
2025-12-28,117.38,76.8,40.58,62.24316666666667
2025-12-29,93.31,82.66499999999999,10.64500000000001,61.644666666666666
